id,first_name,last_name,email,gender,ip_address
1,Neron,Valdes,nvaldes0@bloglines.com,Male,238.233.197.141
2,Elisa,Waistell,ewaistell1@nytimes.com,Female,203.220.141.240
3,Kala,Oxlee,koxlee2@godaddy.com,Female,239.225.142.95
4,Muire,Trattles,mtrattles3@ihg.com,Female,54.112.55.71
5,Coralie,Ganley,cganley4@ameblo.jp,Female,123.129.14.124
6,Jefferey,Durrad,jdurrad5@ucoz.ru,Male,28.189.70.105
7,Evangelin,Capnor,ecapnor6@statcounter.com,Female,168.189.158.31
8,Jolyn,Stanhope,jstanhope7@phoca.cz,Female,233.111.246.107
9,Hanan,Flancinbaum,hflancinbaum8@flavors.me,Male,246.124.176.63
10,Katine,Karel,kkarel9@state.tx.us,Female,219.53.111.53
11,Genovera,Sheen,gsheena@typepad.com,Female,76.109.130.2
12,Reiko,Coghill,rcoghillb@hud.gov,Female,159.55.7.50
13,Clem,Richten,crichtenc@dyndns.org,Female,223.109.19.191
14,Maryjane,Stobo,mstobod@dedecms.com,Female,86.152.117.118
15,Bethany,McAdam,bmcadame@si.edu,Female,198.218.110.192
16,Vincent,Illyes,villyesf@netscape.com,Male,115.247.205.64
17,Abram,Poure,apoureg@lulu.com,Male,56.216.88.141
18,Beverlee,Heineken,bheinekenh@fc2.com,Female,237.190.229.118
19,Stanford,Brackenridge,sbrackenridgei@last.fm,Male,105.176.153.19
20,Templeton,Alfonsini,talfonsinij@theatlantic.com,Male,71.204.241.98
21,Pepe,Bagworth,pbagworthk@pinterest.com,Male,230.38.223.161
22,Kimball,Ide,kidel@liveinternet.ru,Male,187.60.183.161
23,Fidel,Joslow,fjoslowm@mozilla.org,Male,221.227.98.54
24,Valli,Aronsohn,varonsohnn@moonfruit.com,Female,102.235.231.45
25,Harli,Currington,hcurringtono@hostgator.com,Female,163.129.143.229
26,Fabiano,Ogilvy,fogilvyp@amazon.co.jp,Male,54.29.104.18
27,Dennie,Cornford,dcornfordq@stanford.edu,Female,182.237.234.142
28,Westley,Berthelet,wbertheletr@skyrock.com,Male,33.210.137.136
29,Vally,Gerriet,vgerriets@wordpress.com,Female,56.102.107.35
30,Emelita,Thatcham,ethatchamt@comcast.net,Female,208.25.59.77
31,Kaylyn,Flexman,kflexmanu@mlb.com,Female,195.54.103.231
32,Sonny,Seven,ssevenv@msu.edu,Male,249.92.30.29
33,Vanya,MacGillespie,vmacgillespiew@auda.org.au,Female,212.29.105.133
34,Dalila,Hauxby,dhauxbyx@imdb.com,Female,214.222.14.78
35,Mavis,Yukhnov,myukhnovy@arstechnica.com,Female,44.75.177.205
36,Alanson,Heam,aheamz@freewebs.com,Male,85.50.238.233
37,Pierson,Scotchmur,pscotchmur10@nba.com,Male,159.126.39.116
38,Daryl,MacNish,dmacnish11@sfgate.com,Male,214.8.18.29
39,Gilemette,Skala,gskala12@163.com,Female,235.64.71.116
40,Anitra,Beer,abeer13@pcworld.com,Female,233.209.90.141
41,Pietro,Pales,ppales14@pcworld.com,Male,136.62.184.163
42,Clemence,Maddyson,cmaddyson15@wikia.com,Female,161.13.220.240
43,Kassie,Trowel,ktrowel16@unesco.org,Female,116.87.41.158
44,Levey,Bentame,lbentame17@edublogs.org,Male,125.106.126.27
45,Anthe,Hanigan,ahanigan18@xinhuanet.com,Female,226.213.126.224
46,Harold,Gissing,hgissing19@dyndns.org,Male,178.251.209.248
47,Robbi,Kilius,rkilius1a@deviantart.com,Female,166.252.93.48
48,Kim,Sabates,ksabates1b@liveinternet.ru,Male,117.245.34.227
49,Cass,Saby,csaby1c@google.com.hk,Female,220.60.207.64
50,Wheeler,Neathway,wneathway1d@behance.net,Male,212.50.43.249
51,Alain,Iacoboni,aiacoboni1e@wp.com,Male,162.70.188.66
52,Mitch,Gregg,mgregg1f@nymag.com,Male,244.50.132.8
53,Patric,Sporton,psporton1g@pinterest.com,Male,99.153.66.97
54,Dionne,Harbin,dharbin1h@over-blog.com,Female,124.15.118.180
55,Raul,Bernakiewicz,rbernakiewicz1i@cbc.ca,Male,99.190.226.229
56,Lek,Skittles,lskittles1j@booking.com,Male,10.231.80.64
57,Stormy,Weed,sweed1k@washington.edu,Female,94.45.164.24
58,Jarret,Merck,jmerck1l@economist.com,Male,229.250.143.56
59,Lindy,Melland,lmelland1m@photobucket.com,Male,156.53.97.245
60,Janie,Sheerman,jsheerman1n@skype.com,Female,226.29.180.146
61,Lilllie,Hirjak,lhirjak1o@dell.com,Female,212.101.126.145
62,Cymbre,Stobo,cstobo1p@google.co.uk,Female,84.51.152.232
63,Muriel,Redgrave,mredgrave1q@instagram.com,Female,50.111.27.213
64,Valaree,Nutbeam,vnutbeam1r@umich.edu,Female,32.54.57.56
65,Emery,Hatwell,ehatwell1s@umich.edu,Male,171.30.247.198
66,Easter,Hackworthy,ehackworthy1t@feedburner.com,Female,179.94.70.97
67,Anita,McGiffin,amcgiffin1u@gnu.org,Female,245.104.136.4
68,Augustin,Salmond,asalmond1v@twitpic.com,Male,65.208.0.47
69,Theobald,Swatheridge,tswatheridge1w@cargocollective.com,Male,16.91.27.20
70,Mil,McCrea,mmccrea1x@myspace.com,Female,104.83.56.222
71,Jillana,Moizer,jmoizer1y@ycombinator.com,Female,194.80.90.122
72,Jobyna,Stentiford,jstentiford1z@sphinn.com,Female,173.232.185.94
73,Brenda,Eynaud,beynaud20@discuz.net,Female,69.207.172.111
74,Danie,Soar,dsoar21@msu.edu,Male,75.29.55.17
75,Arni,Readwing,areadwing22@hhs.gov,Male,47.159.229.120
76,Lynn,Bedells,lbedells23@alexa.com,Male,63.34.181.82
77,Joyous,Pendergast,jpendergast24@economist.com,Female,50.119.135.233
78,Austen,Reddle,areddle25@usnews.com,Male,139.50.181.65
79,Uri,Opy,uopy26@geocities.jp,Male,50.47.42.131
80,Arv,Tournay,atournay27@ifeng.com,Male,124.237.117.218
81,Obed,Parcells,oparcells28@bbb.org,Male,238.129.24.254
82,Thorstein,MacLaughlin,tmaclaughlin29@imageshack.us,Male,180.111.217.42
83,Eileen,Cuddy,ecuddy2a@twitter.com,Female,39.49.96.238
84,Carolyn,Cansdall,ccansdall2b@eepurl.com,Female,253.89.19.114
85,Mayer,Ghidetti,mghidetti2c@gov.uk,Male,228.11.47.82
86,Kalila,Zmitrichenko,kzmitrichenko2d@creativecommons.org,Female,34.23.208.202
87,Lilas,Abdie,labdie2e@creativecommons.org,Female,131.120.223.241
88,Devlin,Eadington,deadington2f@com.com,Male,209.69.191.169
89,Marius,Burden,mburden2g@dmoz.org,Male,199.65.251.47
90,Iorgos,Foulis,ifoulis2h@wp.com,Male,201.218.98.219
91,Rori,Tanguy,rtanguy2i@un.org,Female,100.36.19.59
92,Travis,Yeats,tyeats2j@mozilla.org,Male,183.26.47.231
93,Bernadina,Cupitt,bcupitt2k@springer.com,Female,214.243.176.25
94,Leontyne,Meni,lmeni2l@wsj.com,Female,6.223.153.42
95,Meade,Bramont,mbramont2m@about.me,Female,38.6.250.74
96,Halli,Andrioletti,handrioletti2n@utexas.edu,Female,2.111.247.0
97,Banky,Owthwaite,bowthwaite2o@marketwatch.com,Male,160.224.125.254
98,Marcellina,Yankov,myankov2p@hexun.com,Female,185.114.236.217
99,Lexie,Gheorghescu,lgheorghescu2q@cnn.com,Female,141.229.34.135
100,Jeanie,Cauldfield,jcauldfield2r@etsy.com,Female,181.192.2.62
101,Barny,Conre,bconre2s@google.pl,Male,61.35.128.145
102,Geri,Giacomuzzi,ggiacomuzzi2t@howstuffworks.com,Male,117.58.100.48
103,Shurwood,Pennini,spennini2u@xrea.com,Male,79.216.222.138
104,Munmro,Blunsum,mblunsum2v@usatoday.com,Male,238.43.245.1
105,Stephi,Spehr,sspehr2w@canalblog.com,Female,249.115.103.93
106,Onfre,Routhorn,orouthorn2x@wired.com,Male,140.191.17.212
107,Arri,Brassill,abrassill2y@loc.gov,Male,137.69.178.37
108,Urson,Cuseick,ucuseick2z@hc360.com,Male,177.222.234.185
109,Cris,Etty,cetty30@java.com,Male,128.170.106.21
110,Chloris,Gramer,cgramer31@vistaprint.com,Female,53.52.114.53
111,Lindon,Bendon,lbendon32@cnet.com,Male,58.163.4.57
112,Jannelle,MacCarrick,jmaccarrick33@apache.org,Female,174.248.158.242
113,Morgan,Matczak,mmatczak34@topsy.com,Male,84.154.202.90
114,Alley,Tsarovic,atsarovic35@hostgator.com,Male,126.212.224.215
115,Dyan,Fortune,dfortune36@deviantart.com,Female,199.131.223.112
116,Junia,Foulgham,jfoulgham37@bigcartel.com,Female,70.229.254.158
117,Fayina,Bradbeer,fbradbeer38@slate.com,Female,9.74.81.148
118,Bevon,Redmond,bredmond39@sciencedaily.com,Male,252.242.243.182
119,Elita,Filippazzo,efilippazzo3a@dailymail.co.uk,Female,190.87.236.172
120,Scottie,Danilovich,sdanilovich3b@ucoz.com,Male,118.18.53.153
121,Kirk,Strowthers,kstrowthers3c@ihg.com,Male,191.149.100.147
122,Levy,Dreinan,ldreinan3d@marketwatch.com,Male,14.152.108.147
123,Oneida,Huckerby,ohuckerby3e@youtube.com,Female,4.223.95.73
124,Fey,Canet,fcanet3f@ebay.com,Female,188.84.95.85
125,Grove,Outram,goutram3g@blogtalkradio.com,Male,207.219.68.176
126,Reamonn,Adey,radey3h@rakuten.co.jp,Male,174.45.96.11
127,Del,Hoy,dhoy3i@timesonline.co.uk,Male,19.149.167.212
128,Bill,Berry,bberry3j@ameblo.jp,Male,236.249.15.243
129,Samson,Marques,smarques3k@gravatar.com,Male,5.180.45.114
130,Doyle,Whitebrook,dwhitebrook3l@ocn.ne.jp,Male,71.85.208.194
131,Ceil,Bliven,cbliven3m@guardian.co.uk,Female,125.39.89.224
132,Eugenie,Lynes,elynes3n@blog.com,Female,93.230.57.82
133,Roxine,Cordelle,rcordelle3o@salon.com,Female,50.140.80.197
134,Elston,Barles,ebarles3p@ask.com,Male,85.78.48.203
135,Elisabet,Blizard,eblizard3q@geocities.jp,Female,170.46.132.173
136,Ysabel,Spaldin,yspaldin3r@noaa.gov,Female,17.145.32.211
137,Townsend,Spofford,tspofford3s@sciencedirect.com,Male,140.255.103.60
138,Ruthanne,Tenaunt,rtenaunt3t@ft.com,Female,58.15.145.72
139,Kippie,Wickenden,kwickenden3u@latimes.com,Female,138.140.48.171
140,Brendan,Sara,bsara3v@typepad.com,Male,177.162.87.249
141,Lela,Blei,lblei3w@cornell.edu,Female,98.240.202.94
142,Guillermo,Erett,gerett3x@flavors.me,Male,223.203.70.4
143,Merry,Cumpton,mcumpton3y@forbes.com,Male,0.118.66.15
144,Ikey,Leckenby,ileckenby3z@dmoz.org,Male,119.44.119.136
145,Casar,Gaye,cgaye40@nydailynews.com,Male,23.120.175.124
146,Von,Ungaretti,vungaretti41@booking.com,Male,217.170.98.156
147,Arabelle,Hebden,ahebden42@phpbb.com,Female,57.11.37.162
148,Rafaelia,Liddiard,rliddiard43@patch.com,Female,18.2.105.173
149,Robert,Trineman,rtrineman44@is.gd,Male,16.204.216.2
150,Layton,Lubman,llubman45@unblog.fr,Male,158.114.62.239
151,Oona,Flaonier,oflaonier46@squidoo.com,Female,244.68.71.163
152,Mendy,Whitwood,mwhitwood47@globo.com,Male,30.120.55.77
153,Normand,Clayworth,nclayworth48@hubpages.com,Male,82.7.197.26
154,Jeramie,O' Driscoll,jodriscoll49@smugmug.com,Male,84.211.166.187
155,Maighdiln,Ambrosio,mambrosio4a@wix.com,Female,195.117.72.47
156,Isiahi,Balwin,ibalwin4b@businessweek.com,Male,203.160.211.227
157,Justino,Lovelock,jlovelock4c@reuters.com,Male,117.63.165.133
158,Star,Langrish,slangrish4d@vk.com,Female,89.189.39.157
159,Grant,Witterick,gwitterick4e@webmd.com,Male,2.140.85.61
160,Rudy,Dunbar,rdunbar4f@pbs.org,Male,60.255.144.24
161,Taite,Metzke,tmetzke4g@spotify.com,Male,200.211.90.185
162,Rog,Foulstone,rfoulstone4h@engadget.com,Male,128.95.220.117
163,Michel,Almon,malmon4i@dropbox.com,Female,132.107.218.235
164,Odelle,Gelsthorpe,ogelsthorpe4j@cbsnews.com,Female,247.115.21.160
165,Gerry,Chaise,gchaise4k@nyu.edu,Male,140.74.196.31
166,Gaston,Kliment,gkliment4l@japanpost.jp,Male,11.43.242.157
167,Malachi,Heliar,mheliar4m@youtu.be,Male,220.8.171.189
168,Annamaria,Deedes,adeedes4n@dailymail.co.uk,Female,227.15.39.113
169,Godwin,Groneway,ggroneway4o@multiply.com,Male,150.140.159.224
170,Baron,Gerrels,bgerrels4p@nbcnews.com,Male,201.233.22.20
171,Trixi,Eamer,teamer4q@cornell.edu,Female,62.213.156.208
172,Lenard,Stilliard,lstilliard4r@harvard.edu,Male,137.79.39.106
173,Clim,Katzmann,ckatzmann4s@dot.gov,Male,84.26.210.63
174,Devonne,Gyde,dgyde4t@go.com,Female,69.27.150.58
175,Karoline,Calladine,kcalladine4u@chronoengine.com,Female,231.82.12.41
176,Bondy,Dowdam,bdowdam4v@pen.io,Male,46.141.213.156
177,Michele,Smitten,msmitten4w@jalbum.net,Male,10.94.218.168
178,Archaimbaud,Whisby,awhisby4x@skyrock.com,Male,48.138.41.240
179,Shanda,Naper,snaper4y@rakuten.co.jp,Female,238.177.159.125
180,Kerry,Smithies,ksmithies4z@aboutads.info,Female,26.150.192.120
181,Ezekiel,Imrie,eimrie50@digg.com,Male,32.43.118.240
182,Moe,Cogdell,mcogdell51@geocities.jp,Male,155.216.141.118
183,Shirley,Loakes,sloakes52@oaic.gov.au,Female,126.33.86.249
184,Giacopo,Kirkpatrick,gkirkpatrick53@ezinearticles.com,Male,18.75.19.165
185,Millard,Duetsche,mduetsche54@symantec.com,Male,222.89.212.167
186,Corny,Godfray,cgodfray55@simplemachines.org,Male,2.233.131.164
187,Kirsteni,McQuillen,kmcquillen56@domainmarket.com,Female,230.9.140.166
188,Ansley,Romme,aromme57@toplist.cz,Female,120.172.84.147
189,Eachelle,Fantin,efantin58@independent.co.uk,Female,43.215.29.30
190,Steffen,Evequot,sevequot59@usatoday.com,Male,235.177.200.155
191,Drusie,Cristofori,dcristofori5a@google.co.jp,Female,28.219.227.209
192,Rhett,Benini,rbenini5b@usatoday.com,Male,15.38.68.39
193,Sybilla,Paramore,sparamore5c@sohu.com,Female,109.74.94.125
194,Teddy,Sheran,tsheran5d@craigslist.org,Male,105.61.26.181
195,Terza,Anear,tanear5e@google.com.br,Female,217.110.157.74
196,Suzy,Glozman,sglozman5f@businesswire.com,Female,141.6.45.145
197,Doro,Filson,dfilson5g@lycos.com,Female,206.140.160.176
198,Fields,Mayston,fmayston5h@github.io,Male,198.12.117.171
199,Shepherd,Yearne,syearne5i@goodreads.com,Male,214.177.63.26
200,Nye,Coales,ncoales5j@plala.or.jp,Male,179.217.123.195
201,Nathanial,Foxten,nfoxten5k@odnoklassniki.ru,Male,236.206.206.92
202,Bianca,Geeritz,bgeeritz5l@sphinn.com,Female,181.146.185.17
203,Cliff,Abelovitz,cabelovitz5m@mozilla.com,Male,198.177.189.76
204,Novelia,Howles,nhowles5n@virginia.edu,Female,160.13.22.105
205,Tom,Watkiss,twatkiss5o@aol.com,Male,25.238.115.59
206,Pammy,Kleyn,pkleyn5p@harvard.edu,Female,252.76.145.159
207,Janella,Huccaby,jhuccaby5q@slashdot.org,Female,105.104.35.81
208,Nikkie,De Maria,ndemaria5r@umich.edu,Female,214.108.226.252
209,Cam,Reddlesden,creddlesden5s@columbia.edu,Male,18.177.249.67
210,Meir,Hearons,mhearons5t@java.com,Male,134.81.162.240
211,Giovanni,Cole,gcole5u@bluehost.com,Male,225.149.174.10
212,Olvan,Whitcher,owhitcher5v@instagram.com,Male,230.151.78.95
213,Noni,Vanyukov,nvanyukov5w@hugedomains.com,Female,239.94.217.219
214,Felizio,Tritton,ftritton5x@usnews.com,Male,9.91.87.180
215,Kele,Cissen,kcissen5y@lulu.com,Male,16.237.154.4
216,Birch,Kleinsmuntz,bkleinsmuntz5z@sfgate.com,Male,195.51.25.2
217,Merle,Wilkerson,mwilkerson60@google.de,Male,230.215.187.127
218,Jim,Kennford,jkennford61@devhub.com,Male,150.98.47.228
219,Malachi,Collie,mcollie62@state.tx.us,Male,104.176.185.181
220,Rosy,Soldner,rsoldner63@smugmug.com,Female,228.204.248.44
221,Daisi,Espie,despie64@bizjournals.com,Female,9.208.103.143
222,Jordon,Di Iorio,jdiiorio65@hatena.ne.jp,Male,125.117.200.233
223,Vivianne,Pickaver,vpickaver66@canalblog.com,Female,245.47.162.3
224,Natalina,Titmuss,ntitmuss67@mozilla.org,Female,27.157.250.115
225,Sosanna,Quene,squene68@github.com,Female,216.22.168.187
226,Colet,Millichip,cmillichip69@acquirethisname.com,Male,79.209.27.189
227,Danila,Creaney,dcreaney6a@state.gov,Female,122.199.120.132
228,Kirsti,Lasselle,klasselle6b@ihg.com,Female,108.253.253.65
229,Dall,Oliva,doliva6c@biblegateway.com,Male,93.206.7.12
230,Christophe,Gowers,cgowers6d@tmall.com,Male,217.14.175.146
231,Pam,Airs,pairs6e@ted.com,Female,158.108.191.175
232,Linn,Tratton,ltratton6f@auda.org.au,Male,64.123.189.73
233,Maurise,Theodoris,mtheodoris6g@istockphoto.com,Female,230.38.13.43
234,Alasdair,Pottinger,apottinger6h@drupal.org,Male,55.100.119.158
235,Emmi,Brolly,ebrolly6i@google.pl,Female,107.207.21.76
236,Gussi,Dunford,gdunford6j@barnesandnoble.com,Female,153.216.25.71
237,Lonny,Snary,lsnary6k@house.gov,Male,233.75.35.86
238,Marcella,Milbourne,mmilbourne6l@desdev.cn,Female,30.22.50.109
239,Milka,Seavers,mseavers6m@chronoengine.com,Female,235.53.21.72
240,Godfry,Herkess,gherkess6n@photobucket.com,Male,249.130.126.222
241,Emogene,Ivankov,eivankov6o@xinhuanet.com,Female,96.44.192.230
242,Ole,Gammill,ogammill6p@rambler.ru,Male,79.45.67.194
243,Ingeberg,Caruth,icaruth6q@time.com,Female,24.218.38.228
244,Fawnia,Hattiff,fhattiff6r@people.com.cn,Female,83.125.165.140
245,Gerrilee,Kording,gkording6s@flavors.me,Female,40.56.115.170
246,Latisha,Andrivel,landrivel6t@stanford.edu,Female,25.90.133.136
247,Moses,Gawthrop,mgawthrop6u@smh.com.au,Male,114.131.131.43
248,Carney,Karel,ckarel6v@gov.uk,Male,139.103.119.8
249,Sergent,Linner,slinner6w@spotify.com,Male,128.227.167.25
250,D'arcy,Pendre,dpendre6x@issuu.com,Male,85.251.106.26
251,Franny,Cabble,fcabble6y@umich.edu,Female,240.103.181.23
252,Skip,Matiashvili,smatiashvili6z@pen.io,Male,191.229.192.85
253,Desmund,Kimmons,dkimmons70@bigcartel.com,Male,9.141.122.247
254,Arnie,Sibery,asibery71@ftc.gov,Male,132.150.121.208
255,Ali,Kleisel,akleisel72@youtu.be,Female,221.1.248.19
256,Wat,Pettingill,wpettingill73@constantcontact.com,Male,15.75.95.172
257,Aluin,Fitchell,afitchell74@merriam-webster.com,Male,52.172.103.127
258,Dorry,Caville,dcaville75@stanford.edu,Female,203.208.236.219
259,Willis,Malyan,wmalyan76@bbc.co.uk,Male,126.153.49.104
260,Dolly,Pymer,dpymer77@skype.com,Female,215.130.26.103
261,Sibelle,Calderonello,scalderonello78@ft.com,Female,222.212.59.199
262,Valli,Tipton,vtipton79@cornell.edu,Female,109.21.249.125
263,Liza,Dufour,ldufour7a@boston.com,Female,40.2.27.120
264,Tristan,Scarffe,tscarffe7b@qq.com,Male,70.104.216.61
265,Karyl,Ianni,kianni7c@domainmarket.com,Female,158.177.121.204
266,Van,Bellows,vbellows7d@utexas.edu,Male,145.85.239.91
267,Laverna,Fieldhouse,lfieldhouse7e@indiatimes.com,Female,105.246.215.56
268,Doreen,Howlin,dhowlin7f@army.mil,Female,88.90.93.109
269,Hayyim,Spours,hspours7g@diigo.com,Male,253.161.251.19
270,Dredi,Kearsley,dkearsley7h@statcounter.com,Female,255.67.230.151
271,Tish,Shine,tshine7i@t.co,Female,207.21.217.14
272,Randi,Sibson,rsibson7j@youku.com,Male,116.16.14.226
273,Starla,Mogg,smogg7k@photobucket.com,Female,125.207.81.211
274,Lea,Zealy,lzealy7l@ehow.com,Female,6.84.189.13
275,Alanson,Garnson,agarnson7m@histats.com,Male,193.164.59.95
276,Ellary,Edward,eedward7n@cdc.gov,Male,126.151.153.84
277,Sherwood,Iaduccelli,siaduccelli7o@printfriendly.com,Male,163.106.23.31
278,Chelsae,Pilkinton,cpilkinton7p@alibaba.com,Female,247.136.180.89
279,Waylon,Rosiello,wrosiello7q@macromedia.com,Male,58.58.70.237
280,Tully,Passey,tpassey7r@google.co.uk,Male,121.194.63.62
281,Hermy,Cicero,hcicero7s@disqus.com,Male,111.227.0.107
282,Sibeal,Tutchener,stutchener7t@tripadvisor.com,Female,28.68.29.20
283,Dewie,Cornier,dcornier7u@freewebs.com,Male,10.36.255.180
284,Melosa,Skipping,mskipping7v@xing.com,Female,20.244.134.181
285,Barbie,Lyfe,blyfe7w@fastcompany.com,Female,12.181.6.38
286,Cinnamon,Mansbridge,cmansbridge7x@elpais.com,Female,113.207.39.255
287,Karlens,Collacombe,kcollacombe7y@sbwire.com,Male,225.233.173.39
288,Coretta,Welbeck,cwelbeck7z@bloglines.com,Female,15.48.58.178
289,Mommy,Hawtin,mhawtin80@tinypic.com,Female,32.162.253.31
290,Xymenes,Udie,xudie81@cafepress.com,Male,55.243.16.131
291,Skip,Wardroper,swardroper82@jigsy.com,Male,88.172.168.218
292,Corinne,Sapsforde,csapsforde83@bloglovin.com,Female,125.103.213.127
293,Astrix,Caulcutt,acaulcutt84@elpais.com,Female,147.217.200.57
294,Lilyan,Stickells,lstickells85@yellowbook.com,Female,209.246.226.2
295,Candis,Osburn,cosburn86@sitemeter.com,Female,109.53.87.204
296,Zeke,Ratt,zratt87@dagondesign.com,Male,242.10.204.89
297,Alvie,Fadian,afadian88@example.com,Male,45.60.234.135
298,Darnall,Billes,dbilles89@cnet.com,Male,203.139.245.250
299,Hillary,Sandeland,hsandeland8a@amazon.de,Female,172.242.13.231
300,Allayne,Lemerle,alemerle8b@springer.com,Male,114.244.60.176
301,Lorens,Dodding,ldodding8c@paypal.com,Male,79.218.0.50
302,Avigdor,Goodinge,agoodinge8d@elegantthemes.com,Male,81.44.162.32
303,Leisha,Andries,landries8e@un.org,Female,218.164.168.139
304,Brooks,Giovannoni,bgiovannoni8f@wikimedia.org,Male,19.190.178.222
305,Willdon,Clacson,wclacson8g@drupal.org,Male,110.136.165.41
306,Neila,Ruby,nruby8h@miitbeian.gov.cn,Female,186.2.237.86
307,Tremain,Frankiewicz,tfrankiewicz8i@cmu.edu,Male,251.219.21.177
308,Gonzales,Wall,gwall8j@amazon.de,Male,183.41.45.166
309,Emmit,Habert,ehabert8k@google.com,Male,124.169.7.174
310,Norry,Feake,nfeake8l@opensource.org,Male,96.156.148.100
311,Kipp,Thing,kthing8m@bigcartel.com,Female,102.28.177.145
312,Mollie,Di Boldi,mdiboldi8n@imgur.com,Female,93.55.75.37
313,Jenna,Conrad,jconrad8o@cocolog-nifty.com,Female,5.138.71.95
314,Babs,Bottom,bbottom8p@clickbank.net,Female,152.180.142.79
315,Cristobal,Neeve,cneeve8q@accuweather.com,Male,181.129.140.229
316,Alicia,Paget,apaget8r@sun.com,Female,20.22.17.131
317,Stephanie,Bossel,sbossel8s@howstuffworks.com,Female,254.65.130.236
318,Brenn,Flawith,bflawith8t@hugedomains.com,Female,76.218.151.212
319,Danny,Arnason,darnason8u@cmu.edu,Male,121.111.26.66
320,Ruddie,Barstock,rbarstock8v@microsoft.com,Male,17.238.69.192
321,Natalee,Peddel,npeddel8w@seattletimes.com,Female,189.11.60.165
322,Sonny,Von Welden,svonwelden8x@phpbb.com,Male,191.66.64.22
323,Oberon,Burrells,oburrells8y@google.com,Male,206.9.65.227
324,Cosimo,Sawrey,csawrey8z@census.gov,Male,90.230.240.113
325,Renaud,Sandle,rsandle90@vkontakte.ru,Male,43.73.63.166
326,Sheilakathryn,Jobke,sjobke91@google.es,Female,241.160.177.150
327,Leonardo,Bakey,lbakey92@fda.gov,Male,119.137.247.43
328,Felipe,Rillatt,frillatt93@berkeley.edu,Male,201.99.27.25
329,Agretha,Snasdell,asnasdell94@cnet.com,Female,249.72.63.249
330,Beryl,Elfleet,belfleet95@vimeo.com,Female,237.127.36.118
331,Joceline,Lilford,jlilford96@opera.com,Female,251.211.211.57
332,Aluin,Polo,apolo97@ibm.com,Male,195.139.18.96
333,Lucais,Webermann,lwebermann98@umn.edu,Male,192.177.226.150
334,Vivyan,Wressell,vwressell99@github.io,Female,193.18.156.149
335,Marcia,Grigoire,mgrigoire9a@arizona.edu,Female,88.31.111.133
336,Franklyn,Searjeant,fsearjeant9b@columbia.edu,Male,122.98.116.84
337,Sybila,Bernardes,sbernardes9c@nature.com,Female,112.80.14.43
338,Tades,Dranfield,tdranfield9d@blogspot.com,Male,225.220.34.174
339,Desmond,Petyakov,dpetyakov9e@sakura.ne.jp,Male,36.205.125.72
340,Regine,Antowski,rantowski9f@omniture.com,Female,79.126.62.115
341,Paco,Iannini,piannini9g@tinypic.com,Male,126.95.83.16
342,Wally,Ebbin,webbin9h@ning.com,Male,108.82.185.130
343,Erika,Tarburn,etarburn9i@hexun.com,Female,56.98.142.152
344,Mendie,Iamittii,miamittii9j@mozilla.org,Male,7.202.80.91
345,Audrye,Warratt,awarratt9k@delicious.com,Female,141.238.68.90
346,Marietta,Laurenzi,mlaurenzi9l@51.la,Male,128.162.43.217
347,Alfred,Strafen,astrafen9m@discuz.net,Male,137.111.99.76
348,Zsazsa,Gaffney,zgaffney9n@gnu.org,Female,110.58.119.89
349,Danni,Robley,drobley9o@hc360.com,Female,107.16.156.209
350,Clementina,Laskey,claskey9p@time.com,Female,165.132.236.79
351,Waverley,Chastanet,wchastanet9q@oracle.com,Male,74.3.178.173
352,Stormy,Valencia,svalencia9r@ft.com,Female,107.65.42.18
353,Saxe,Wallworth,swallworth9s@rediff.com,Male,84.54.20.104
354,Aurelia,Lenoir,alenoir9t@indiegogo.com,Female,177.126.245.22
355,Marie-ann,Chilles,mchilles9u@craigslist.org,Female,23.132.141.9
356,Gibb,Gilchriest,ggilchriest9v@webs.com,Male,63.160.204.145
357,Quintana,Ladloe,qladloe9w@furl.net,Female,236.180.152.219
358,Nelia,Fynan,nfynan9x@senate.gov,Female,47.216.46.26
359,Rosaline,O'Gavin,rogavin9y@tamu.edu,Female,94.148.121.230
360,Emalia,Hovel,ehovel9z@toplist.cz,Female,20.32.91.76
361,Mort,Chafer,mchafera0@hostgator.com,Male,227.101.96.161
362,Anjela,McAnulty,amcanultya1@dedecms.com,Female,49.171.250.230
363,Arline,Kelleway,akellewaya2@ow.ly,Female,68.152.138.46
364,Catharina,Menichini,cmenichinia3@deviantart.com,Female,56.187.110.237
365,Aurilia,Farland,afarlanda4@wikispaces.com,Female,181.231.23.225
366,Dev,Vankin,dvankina5@senate.gov,Male,131.187.207.206
367,Alika,Maryan,amaryana6@printfriendly.com,Female,15.186.5.173
368,Pamelina,Sherreard,psherrearda7@surveymonkey.com,Female,78.169.202.147
369,Talbot,Mathiassen,tmathiassena8@howstuffworks.com,Male,132.158.237.141
370,Maryellen,Plover,mplovera9@miibeian.gov.cn,Female,207.31.39.39
371,Ashley,Frackiewicz,afrackiewiczaa@disqus.com,Male,247.253.237.26
372,Kirsti,Kisbee,kkisbeeab@toplist.cz,Female,187.248.81.169
373,Fletcher,Mordon,fmordonac@abc.net.au,Male,9.79.168.202
374,Vannie,Antao,vantaoad@t.co,Female,187.125.133.191
375,Arvy,Groomebridge,agroomebridgeae@cam.ac.uk,Male,229.175.162.94
376,Saw,Kiessel,skiesselaf@alibaba.com,Male,217.82.128.119
377,Stewart,Kingsnod,skingsnodag@naver.com,Male,157.72.207.211
378,Michaeline,Fillary,mfillaryah@studiopress.com,Female,200.195.112.56
379,Mindy,Digby,mdigbyai@de.vu,Female,222.137.98.230
380,Chlo,Cloy,ccloyaj@nbcnews.com,Female,151.137.121.45
381,Cinderella,Mapston,cmapstonak@symantec.com,Female,58.221.100.248
382,Franklyn,Baldry,fbaldryal@stumbleupon.com,Male,237.94.69.40
383,Ninnette,Kasparski,nkasparskiam@boston.com,Female,184.234.88.239
384,Prinz,Faragher,pfaragheran@simplemachines.org,Male,70.111.115.70
385,Byron,Quilliam,bquilliamao@xinhuanet.com,Male,227.130.20.164
386,Natal,Roblin,nroblinap@amazon.co.uk,Male,163.71.52.185
387,Siegfried,Kenewell,skenewellaq@webmd.com,Male,38.96.218.63
388,Holly,Betts,hbettsar@cafepress.com,Female,163.14.70.48
389,Hayyim,Hinz,hhinzas@cnet.com,Male,216.140.29.182
390,Edd,Figger,efiggerat@europa.eu,Male,174.149.151.163
391,Garrard,Mielnik,gmielnikau@ifeng.com,Male,49.174.214.244
392,Kenyon,Richford,krichfordav@canalblog.com,Male,24.72.76.233
393,Margie,Comello,mcomelloaw@addtoany.com,Female,139.232.87.243
394,Arin,Yole,ayoleax@i2i.jp,Male,25.136.203.99
395,Samuel,Shepland,ssheplanday@oakley.com,Male,242.115.220.219
396,Brenna,Dimond,bdimondaz@wikia.com,Female,115.253.160.149
397,Loralie,Bartles,lbartlesb0@dropbox.com,Female,32.104.160.49
398,Ainslee,Yegorovnin,ayegorovninb1@indiatimes.com,Female,83.168.77.160
399,Buddy,Plinck,bplinckb2@walmart.com,Male,169.71.66.39
400,Pace,Tunno,ptunnob3@cbc.ca,Male,183.203.145.191
401,Krisha,Strother,kstrotherb4@salon.com,Male,3.232.169.118
402,Reginauld,MacMeekan,rmacmeekanb5@blinklist.com,Male,196.218.154.28
403,Aggie,Langhorne,alanghorneb6@facebook.com,Female,230.86.211.158
404,Angel,Dorin,adorinb7@xinhuanet.com,Female,89.198.194.178
405,Haskel,Gretton,hgrettonb8@senate.gov,Male,137.167.164.71
406,Jeannine,Ibarra,jibarrab9@google.fr,Female,209.155.2.23
407,Efren,Dunstall,edunstallba@xrea.com,Male,55.6.6.172
408,Marya,Bittleson,mbittlesonbb@hud.gov,Female,76.131.32.170
409,Darill,Emery,demerybc@goodreads.com,Male,219.248.217.127
410,Adolphus,Najara,anajarabd@rakuten.co.jp,Male,177.140.49.94
411,Ugo,Gehringer,ugehringerbe@is.gd,Male,119.179.21.100
412,Doro,Pitkethly,dpitkethlybf@artisteer.com,Female,111.236.170.151
413,Ebenezer,Drable,edrablebg@slashdot.org,Male,157.167.159.169
414,Merwyn,Fontanet,mfontanetbh@bloglovin.com,Male,200.84.219.193
415,Sal,Joerning,sjoerningbi@cnbc.com,Male,198.166.141.155
416,Gardener,Robichon,grobichonbj@clickbank.net,Male,204.17.47.191
417,Wilie,Elsmore,welsmorebk@webeden.co.uk,Female,53.112.56.74
418,Carrie,Varian,cvarianbl@instagram.com,Female,184.11.58.200
419,Laurence,McReidy,lmcreidybm@wix.com,Male,221.184.242.222
420,Wilburt,O'Brallaghan,wobrallaghanbn@amazon.com,Male,109.116.131.186
421,Arney,Spurritt,aspurrittbo@deviantart.com,Male,87.206.208.155
422,Leanor,Garnson,lgarnsonbp@ibm.com,Female,164.166.218.118
423,Valentijn,Dukesbury,vdukesburybq@cafepress.com,Male,192.231.226.247
424,Zarla,Lardier,zlardierbr@soup.io,Female,107.73.187.183
425,Robin,Lope,rlopebs@delicious.com,Male,37.169.181.152
426,Iago,Davidovic,idavidovicbt@netvibes.com,Male,57.206.209.122
427,Elwood,Kennford,ekennfordbu@sciencedirect.com,Male,157.202.164.139
428,York,Duncan,yduncanbv@nyu.edu,Male,14.113.218.251
429,Wallie,Peyntue,wpeyntuebw@issuu.com,Male,214.90.214.21
430,Pavel,Creasey,pcreaseybx@cargocollective.com,Male,17.198.174.2
431,Kirstyn,Ballaam,kballaamby@instagram.com,Female,9.215.244.78
432,Elberta,Phelp,ephelpbz@xing.com,Female,98.10.67.0
433,Kaile,Guy,kguyc0@wp.com,Female,6.37.96.179
434,Tommie,Anthonies,tanthoniesc1@nymag.com,Male,148.28.247.65
435,Lydon,Salerg,lsalergc2@icio.us,Male,63.33.38.146
436,Chandal,Peart,cpeartc3@shinystat.com,Female,48.146.133.31
437,Stanton,Caccavale,scaccavalec4@wikipedia.org,Male,252.180.22.201
438,Somerset,Grigore,sgrigorec5@senate.gov,Male,91.154.57.239
439,Ivett,Offill,ioffillc6@harvard.edu,Female,30.78.213.169
440,Camille,Ennew,cennewc7@timesonline.co.uk,Female,96.140.206.94
441,Tallie,Moubray,tmoubrayc8@dot.gov,Female,23.152.140.54
442,Carroll,Pierson,cpiersonc9@usda.gov,Female,48.234.72.196
443,Gardy,Simmank,gsimmankca@seesaa.net,Male,237.83.186.217
444,Giorgi,Devericks,gdeverickscb@tinyurl.com,Male,147.205.152.228
445,Rhys,Espinet,respinetcc@utexas.edu,Male,91.0.85.178
446,Ann,Gurnee,agurneecd@netscape.com,Female,98.191.234.135
447,Jeremy,Bryers,jbryersce@zdnet.com,Male,33.32.186.63
448,Drud,Hamilton,dhamiltoncf@constantcontact.com,Male,67.23.42.134
449,Earle,Velten,eveltencg@amazon.com,Male,205.161.158.127
450,Shannah,Owtram,sowtramch@wisc.edu,Female,127.157.6.104
451,Joete,Duggary,jduggaryci@yandex.ru,Female,136.20.162.121
452,Brenna,Rao,braocj@google.com,Female,230.250.237.45
453,Adelheid,Macartney,amacartneyck@123-reg.co.uk,Female,218.207.2.130
454,Osborne,Coombes,ocoombescl@people.com.cn,Male,81.8.90.173
455,Hazel,Daye,hdayecm@cnn.com,Male,185.119.32.13
456,Morgun,Dymock,mdymockcn@mit.edu,Male,146.57.174.244
457,Candi,Klejin,cklejinco@businessinsider.com,Female,220.206.229.81
458,Bernetta,Baribal,bbaribalcp@icio.us,Female,253.238.55.203
459,Beckie,Powlett,bpowlettcq@goo.ne.jp,Female,126.9.155.141
460,Ferne,Bonefant,fbonefantcr@japanpost.jp,Female,153.199.122.150
461,Bree,Matschek,bmatschekcs@economist.com,Female,219.236.93.35
462,Corrie,Emsden,cemsdenct@redcross.org,Male,148.147.116.155
463,Ahmed,Menear,amenearcu@hhs.gov,Male,204.52.124.162
464,Sondra,Purchon,spurchoncv@barnesandnoble.com,Female,188.231.248.195
465,Dalia,Takos,dtakoscw@youtube.com,Female,196.9.210.178
466,Ileane,Taree,itareecx@chron.com,Female,26.125.181.150
467,Thaine,Dalligan,tdalligancy@smugmug.com,Male,8.101.129.51
468,Renard,Dauber,rdaubercz@joomla.org,Male,193.190.224.239
469,Adan,Mourbey,amourbeyd0@ucsd.edu,Male,14.136.229.23
470,Windham,Goch,wgochd1@timesonline.co.uk,Male,165.92.17.84
471,Camellia,Woolpert,cwoolpertd2@fotki.com,Female,232.2.186.33
472,Marquita,Jacqueminot,mjacqueminotd3@ovh.net,Female,178.148.125.230
473,Luis,Queste,lquested4@jugem.jp,Male,128.182.90.141
474,Willi,Whyteman,wwhytemand5@mac.com,Female,148.185.96.66
475,Reagan,Shields,rshieldsd6@infoseek.co.jp,Male,149.210.231.224
476,Ernaline,Hedge,ehedged7@squidoo.com,Female,140.150.118.118
477,Sheelah,Hansmann,shansmannd8@mozilla.org,Female,96.4.141.108
478,Flin,Soars,fsoarsd9@epa.gov,Male,49.130.63.18
479,Sharity,Absalom,sabsalomda@google.pl,Female,62.9.99.231
480,Lindie,Bennison,lbennisondb@dyndns.org,Female,119.177.150.21
481,Rozalin,Abramovici,rabramovicidc@privacy.gov.au,Female,138.203.153.242
482,Putnam,Freddi,pfreddidd@hp.com,Male,16.100.148.111
483,Sena,Izachik,sizachikde@ebay.co.uk,Female,247.247.200.9
484,Dinnie,Biscomb,dbiscombdf@pagesperso-orange.fr,Female,187.68.149.38
485,Sherry,Chesworth,schesworthdg@yandex.ru,Female,6.253.12.162
486,Levy,Nisard,lnisarddh@slashdot.org,Male,203.165.42.99
487,Fremont,Alliston,fallistondi@cdc.gov,Male,223.238.72.195
488,Terrell,Bagster,tbagsterdj@hc360.com,Male,45.42.117.98
489,Danielle,Tomlins,dtomlinsdk@ehow.com,Female,160.6.210.153
490,Karry,Tonbridge,ktonbridgedl@slideshare.net,Female,98.151.71.122
491,Huberto,Moppett,hmoppettdm@t.co,Male,61.168.132.59
492,Salvidor,Load,sloaddn@qq.com,Male,175.87.248.120
493,Brock,Hearsum,bhearsumdo@yelp.com,Male,70.213.48.212
494,Dalston,Wanley,dwanleydp@archive.org,Male,37.110.59.238
495,Perle,Burdikin,pburdikindq@patch.com,Female,122.220.68.152
496,Ricoriki,Kingsman,rkingsmandr@fc2.com,Male,22.167.97.196
497,Cobbie,Tezure,ctezureds@google.es,Male,225.153.181.115
498,Cariotta,Fawdry,cfawdrydt@theglobeandmail.com,Female,143.232.40.178
499,Cass,Latek,clatekdu@mozilla.com,Male,29.64.139.140
500,Alexandre,Malarkey,amalarkeydv@guardian.co.uk,Male,155.178.54.13
501,Juieta,Girod,jgiroddw@aboutads.info,Female,136.72.117.10
502,Shandy,Garretts,sgarrettsdx@webeden.co.uk,Female,6.13.108.194
503,Bobette,Dumper,bdumperdy@pbs.org,Female,104.206.206.81
504,Fremont,Rising,frisingdz@twitpic.com,Male,75.131.116.171
505,Krysta,Cripin,kcripine0@omniture.com,Female,155.100.49.161
506,Hynda,Holbarrow,hholbarrowe1@senate.gov,Female,24.247.132.190
507,Lew,Ryce,lrycee2@hexun.com,Male,33.175.159.75
508,Ebba,Skeldon,eskeldone3@cbsnews.com,Female,136.0.132.234
509,Marie,Withur,mwithure4@ameblo.jp,Female,199.33.149.20
510,Even,Paine,epainee5@fastcompany.com,Male,28.189.14.169
511,Alena,Couch,acouche6@elpais.com,Female,46.102.55.176
512,Constantino,Swindley,cswindleye7@twitpic.com,Male,61.162.28.62
513,Kerwinn,Hedderly,khedderlye8@clickbank.net,Male,168.166.92.196
514,Solly,Gilliam,sgilliame9@hp.com,Male,238.13.29.16
515,Glen,Daley,gdaleyea@omniture.com,Male,168.164.145.184
516,Morgun,Jacobowicz,mjacobowiczeb@gravatar.com,Male,110.197.190.233
517,Andi,Bradd,abraddec@spiegel.de,Female,8.145.184.93
518,Sean,Chipperfield,schipperfielded@cdbaby.com,Female,46.66.198.116
519,Forest,Goaks,fgoaksee@wordpress.org,Male,52.201.243.131
520,Ring,Sibbe,rsibbeef@list-manage.com,Male,27.107.34.190
521,Genny,Huscroft,ghuscrofteg@uol.com.br,Female,36.2.198.82
522,Frankie,Bussons,fbussonseh@ebay.com,Male,223.229.193.105
523,Connie,Freshwater,cfreshwaterei@phoca.cz,Female,116.147.4.237
524,Ritchie,Jenkins,rjenkinsej@histats.com,Male,87.9.59.123
525,Darleen,Pieracci,dpieracciek@cnbc.com,Female,202.52.76.10
526,Shana,MacConnechie,smacconnechieel@apple.com,Female,153.231.229.250
527,Talbot,Hardwich,thardwichem@chronoengine.com,Male,188.201.16.81
528,Odetta,Wilder,owilderen@meetup.com,Female,53.216.128.165
529,Quentin,Brimming,qbrimmingeo@ed.gov,Male,52.31.249.84
530,Lorry,Trainor,ltrainorep@stumbleupon.com,Male,244.228.192.53
531,Fredi,Vasilchenko,fvasilchenkoeq@intel.com,Female,4.123.240.143
532,Chas,Tithacott,ctithacotter@pinterest.com,Male,149.36.208.193
533,Arney,Betke,abetkees@wiley.com,Male,209.175.118.150
534,Dasya,McPhilip,dmcphilipet@baidu.com,Female,3.160.231.89
535,Ellissa,Rawlcliffe,erawlcliffeeu@tripod.com,Female,237.72.219.79
536,Randolph,Wynes,rwynesev@jimdo.com,Male,253.38.3.197
537,Jehu,Fettes,jfettesew@example.com,Male,167.176.113.135
538,Goraud,Tolotti,gtolottiex@diigo.com,Male,226.60.54.14
539,Hart,Moff,hmoffey@alibaba.com,Male,90.88.111.118
540,Heath,Bloan,hbloanez@slideshare.net,Female,188.180.133.32
541,Eydie,Rosingdall,erosingdallf0@infoseek.co.jp,Female,145.67.32.203
542,Zahara,Voak,zvoakf1@china.com.cn,Female,130.141.38.253
543,Dee dee,Postance,dpostancef2@bloglovin.com,Female,4.254.115.28
544,Hetty,Findlay,hfindlayf3@ihg.com,Female,213.94.120.46
545,Nanni,Daviot,ndaviotf4@51.la,Female,86.181.143.186
546,Zabrina,Viccars,zviccarsf5@geocities.com,Female,49.132.106.199
547,Antoni,Gabrieli,agabrielif6@joomla.org,Male,192.234.141.98
548,Garrett,Varnes,gvarnesf7@people.com.cn,Male,205.20.59.168
549,Earl,Jobin,ejobinf8@ftc.gov,Male,186.49.210.128
550,Stavro,Machans,smachansf9@wired.com,Male,6.236.55.168
551,Verina,Webley,vwebleyfa@dyndns.org,Female,185.157.232.211
552,Amerigo,Lavallie,alavalliefb@liveinternet.ru,Male,140.142.203.212
553,Norbert,Abberley,nabberleyfc@skyrock.com,Male,123.70.61.66
554,Reidar,Swyre,rswyrefd@gizmodo.com,Male,220.65.201.112
555,Tabina,Minchinton,tminchintonfe@symantec.com,Female,66.165.169.189
556,Audre,Mullord,amullordff@nyu.edu,Female,71.37.62.31
557,Blake,Fruen,bfruenfg@springer.com,Male,250.230.11.24
558,Loria,Whiley,lwhileyfh@cnbc.com,Female,82.137.229.115
559,Brodie,Cayle,bcaylefi@mysql.com,Male,210.226.244.191
560,Olly,Wilding,owildingfj@infoseek.co.jp,Male,31.154.15.54
561,Marta,Iacomettii,miacomettiifk@skyrock.com,Female,140.166.245.64
562,Vinita,Joll,vjollfl@instagram.com,Female,32.251.114.229
563,Ginnifer,Newart,gnewartfm@phpbb.com,Female,91.85.109.172
564,Katherina,Loades,kloadesfn@narod.ru,Female,161.185.108.247
565,Jobey,Dymott,jdymottfo@google.ru,Female,110.163.108.214
566,Eleen,Hindge,ehindgefp@gnu.org,Female,151.44.48.223
567,Leandra,Dumbar,ldumbarfq@wikia.com,Female,134.192.112.196
568,Desi,Dayborne,ddaybornefr@squidoo.com,Male,52.204.66.88
569,Cornelia,Boylan,cboylanfs@gov.uk,Female,221.137.231.162
570,Florina,Philipp,fphilippft@infoseek.co.jp,Female,11.102.239.45
571,Alethea,Owenson,aowensonfu@cocolog-nifty.com,Female,39.56.27.91
572,Pattie,Chastanet,pchastanetfv@icq.com,Male,90.231.193.161
573,Carny,Birrell,cbirrellfw@rakuten.co.jp,Male,247.33.14.40
574,Evita,Haet,ehaetfx@walmart.com,Female,185.40.54.120
575,Emmalynne,Shelliday,eshellidayfy@storify.com,Female,189.136.221.241
576,Teador,Broschek,tbroschekfz@gizmodo.com,Male,104.13.209.127
577,Reuben,Topling,rtoplingg0@prnewswire.com,Male,214.183.164.187
578,Constantine,Glozman,cglozmang1@stumbleupon.com,Male,61.139.191.112
579,Roshelle,Rabb,rrabbg2@guardian.co.uk,Female,72.184.14.240
580,Tiffanie,Matresse,tmatresseg3@microsoft.com,Female,136.214.10.45
581,Tad,Klimpke,tklimpkeg4@cafepress.com,Male,28.79.210.34
582,Wernher,Bucktharp,wbucktharpg5@i2i.jp,Male,18.69.198.218
583,Dorine,Darby,ddarbyg6@prlog.org,Female,187.29.113.244
584,Paloma,Tyne,ptyneg7@facebook.com,Female,230.188.124.90
585,Phylis,Fortie,pfortieg8@feedburner.com,Female,198.136.24.141
586,Lynde,Urry,lurryg9@ftc.gov,Female,176.36.171.92
587,Welbie,Keele,wkeelega@mapquest.com,Male,33.208.18.190
588,Bord,Rama,bramagb@rambler.ru,Male,54.1.170.203
589,Nat,Dougherty,ndoughertygc@businesswire.com,Male,22.98.35.167
590,Carry,Eberlein,ceberleingd@mtv.com,Female,46.164.107.91
591,Fonz,Hearnes,fhearnesge@issuu.com,Male,204.227.138.89
592,Sashenka,Tawton,stawtongf@marketwatch.com,Female,188.134.254.245
593,Olva,Tabard,otabardgg@discuz.net,Female,38.88.103.222
594,Mordecai,Cullingworth,mcullingworthgh@apache.org,Male,46.31.162.193
595,Hamish,Wentworth,hwentworthgi@netlog.com,Male,90.210.95.16
596,Griffie,Collyer,gcollyergj@sphinn.com,Male,36.82.236.106
597,Loutitia,Pelling,lpellinggk@angelfire.com,Female,37.204.117.205
598,Tandy,Cattellion,tcattelliongl@sohu.com,Female,95.40.42.182
599,Wyatt,Heady,wheadygm@census.gov,Male,96.115.97.170
600,Rhodia,Holton,rholtongn@soup.io,Female,35.203.120.5
601,Corbin,Tunuy,ctunuygo@prnewswire.com,Male,119.34.204.30
602,Der,Grayshon,dgrayshongp@blog.com,Male,184.26.199.183
603,Ebba,Kintzel,ekintzelgq@merriam-webster.com,Female,113.245.36.67
604,Patrice,Lidstone,plidstonegr@baidu.com,Male,104.14.139.210
605,Hartley,Boshard,hboshardgs@linkedin.com,Male,120.87.15.81
606,Dalila,Howes,dhowesgt@ucoz.com,Female,103.187.94.250
607,Cesar,Bolger,cbolgergu@mapy.cz,Male,93.60.237.190
608,Friedrick,Eilert,feilertgv@w3.org,Male,199.242.136.151
609,Titus,Baroch,tbarochgw@icio.us,Male,245.112.139.194
610,Holli,Detheridge,hdetheridgegx@blinklist.com,Female,109.244.16.122
611,Bill,Mogridge,bmogridgegy@de.vu,Male,84.97.29.75
612,Winnie,Eldon,weldongz@so-net.ne.jp,Female,35.211.10.51
613,Matthias,Wasmuth,mwasmuthh0@about.com,Male,253.255.116.243
614,Wakefield,Smewin,wsmewinh1@woothemes.com,Male,38.237.247.61
615,Sherlock,McDavid,smcdavidh2@marketwatch.com,Male,192.184.50.17
616,Wilone,Kirman,wkirmanh3@hp.com,Female,35.76.128.179
617,Ric,Brittle,rbrittleh4@wordpress.org,Male,81.55.107.237
618,Douglass,Chaff,dchaffh5@va.gov,Male,63.182.83.240
619,Moshe,Mulliss,mmullissh6@amazon.co.uk,Male,105.231.156.104
620,Tripp,Vischi,tvischih7@latimes.com,Male,29.78.222.225
621,Hinze,Gooding,hgoodingh8@oaic.gov.au,Male,118.123.216.144
622,Timmy,Woodyear,twoodyearh9@washington.edu,Male,157.26.238.115
623,Mair,Elphick,melphickha@washingtonpost.com,Female,122.226.65.36
624,Early,Ilyasov,eilyasovhb@epa.gov,Male,16.126.141.171
625,Phip,Rosenschein,prosenscheinhc@ibm.com,Male,238.31.174.218
626,Rosanne,Caselli,rcasellihd@vistaprint.com,Female,75.35.190.89
627,Lona,Brydson,lbrydsonhe@tripod.com,Female,247.3.48.177
628,Tedda,Jancik,tjancikhf@qq.com,Female,44.153.118.85
629,Solly,Sneaker,ssneakerhg@whitehouse.gov,Male,148.229.4.72
630,Judah,Danielkiewicz,jdanielkiewiczhh@edublogs.org,Male,42.176.205.9
631,Jinny,Baggett,jbaggetthi@biglobe.ne.jp,Female,107.40.126.84
632,Pernell,Trevett,ptrevetthj@technorati.com,Male,228.237.187.178
633,Lew,Petrolli,lpetrollihk@java.com,Male,213.195.240.25
634,Guillemette,Izatt,gizatthl@stanford.edu,Female,210.153.87.100
635,Mattheus,Flescher,mflescherhm@reverbnation.com,Male,164.36.188.251
636,Rivkah,Varvell,rvarvellhn@zdnet.com,Female,21.108.110.116
637,Ignace,Geake,igeakeho@live.com,Male,90.203.11.69
638,Odie,Booty,obootyhp@webeden.co.uk,Male,251.37.160.181
639,Ainsley,Bloys,abloyshq@oakley.com,Female,164.154.82.203
640,Charmion,Danaher,cdanaherhr@w3.org,Female,226.26.77.146
641,Pren,Joskowitz,pjoskowitzhs@msu.edu,Male,221.16.172.165
642,Fanechka,Crankhorn,fcrankhornht@ocn.ne.jp,Female,53.142.31.245
643,Johnathan,Wetherburn,jwetherburnhu@cdbaby.com,Male,151.46.196.135
644,Sadella,Leeming,sleeminghv@newsvine.com,Female,237.107.208.223
645,Emelyne,Incogna,eincognahw@businessinsider.com,Female,66.56.235.86
646,Lona,Patton,lpattonhx@goo.gl,Female,65.194.142.207
647,Annaliese,Brimilcombe,abrimilcombehy@nbcnews.com,Female,19.218.76.227
648,Chanda,Treharne,ctreharnehz@disqus.com,Female,86.6.152.209
649,Linea,Paternoster,lpaternosteri0@list-manage.com,Female,168.84.222.30
650,Ingar,Rodolfi,irodolfii1@smh.com.au,Male,169.180.204.57
651,Grier,Pinckstone,gpinckstonei2@bluehost.com,Female,43.36.35.221
652,Vitia,Butterfint,vbutterfinti3@feedburner.com,Female,127.180.61.230
653,Oona,Morcom,omorcomi4@ovh.net,Female,67.26.113.45
654,Ivar,Broinlich,ibroinlichi5@sohu.com,Male,131.148.155.24
655,Klara,Petkov,kpetkovi6@addthis.com,Female,49.61.176.62
656,Ilene,Bollom,ibollomi7@macromedia.com,Female,36.59.84.44
657,Winnie,Pittoli,wpittolii8@tmall.com,Male,28.88.150.173
658,Lilla,Cuff,lcuffi9@wunderground.com,Female,21.175.90.198
659,Baron,McCrystal,bmccrystalia@csmonitor.com,Male,122.108.212.116
660,Franni,Syne,fsyneib@usnews.com,Female,251.72.56.80
661,Renaud,Cummings,rcummingsic@fema.gov,Male,36.209.125.112
662,Reta,Brazel,rbrazelid@microsoft.com,Female,36.20.116.239
663,Jana,Beden,jbedenie@booking.com,Female,44.12.51.114
664,Casie,Garrit,cgarritif@businessinsider.com,Female,110.91.82.81
665,Georgeanna,Sincock,gsincockig@ehow.com,Female,110.14.52.215
666,Wallace,Daymont,wdaymontih@aol.com,Male,21.217.213.110
667,Celesta,Mandrier,cmandrierii@sphinn.com,Female,94.71.135.54
668,Rosaline,Mapowder,rmapowderij@state.tx.us,Female,209.209.70.16
669,Henrie,Fulun,hfulunik@wikispaces.com,Female,127.179.222.211
670,Serge,Gresham,sgreshamil@list-manage.com,Male,140.126.147.97
671,Brodie,Bradnock,bbradnockim@deviantart.com,Male,5.192.67.72
672,Terrijo,Le Page,tlepagein@youtube.com,Female,50.251.67.140
673,Cherlyn,Handscombe,chandscombeio@over-blog.com,Female,61.85.76.253
674,Thorpe,Ralphs,tralphsip@weebly.com,Male,130.40.245.60
675,Ermentrude,Wardingly,ewardinglyiq@discuz.net,Female,198.226.68.71
676,Ruddie,Heinonen,rheinonenir@prnewswire.com,Male,18.198.60.179
677,Kathlin,Ledwitch,kledwitchis@bloglovin.com,Female,183.177.158.224
678,Jim,Kett,jkettit@vkontakte.ru,Male,22.218.128.193
679,Carry,Persicke,cpersickeiu@va.gov,Female,2.84.139.215
680,Kendall,Everingham,keveringhamiv@chronoengine.com,Male,1.69.5.155
681,Marji,Yalden,myaldeniw@bloglovin.com,Female,23.49.68.100
682,Gisela,Anstead,gansteadix@hud.gov,Female,244.16.172.237
683,Bellina,Dows,bdowsiy@sfgate.com,Female,107.228.28.22
684,Alonso,Jarmain,ajarmainiz@wikipedia.org,Male,161.213.210.77
685,Shari,Labbez,slabbezj0@fda.gov,Female,117.131.193.31
686,Elnar,Deeves,edeevesj1@weibo.com,Male,176.240.2.20
687,Cordy,Drescher,cdrescherj2@rambler.ru,Male,112.23.180.97
688,Laureen,Woolvin,lwoolvinj3@disqus.com,Female,220.141.51.76
689,Kahaleel,Eaglesham,keagleshamj4@twitpic.com,Male,97.199.179.196
690,Luca,Dursley,ldursleyj5@fastcompany.com,Male,103.144.113.133
691,Torey,Perfect,tperfectj6@biglobe.ne.jp,Female,106.179.233.130
692,Lynett,Fetherstone,lfetherstonej7@vkontakte.ru,Female,180.92.151.50
693,Alley,Dilgarno,adilgarnoj8@spiegel.de,Male,229.204.246.161
694,Merrilee,Heijnen,mheijnenj9@army.mil,Female,183.134.169.92
695,Giorgia,Scrivin,gscrivinja@google.com,Female,193.34.134.58
696,Wilmer,Borrett,wborrettjb@symantec.com,Male,153.148.220.231
697,Emmery,Ubach,eubachjc@wordpress.com,Male,70.187.78.142
698,Ronny,Bramelt,rbrameltjd@ox.ac.uk,Male,174.41.1.90
699,Harlin,Plowes,hplowesje@dyndns.org,Male,233.19.59.13
700,Pace,Ramey,prameyjf@apple.com,Male,116.196.108.60
701,Angelique,Tilmouth,atilmouthjg@dailymail.co.uk,Female,254.8.206.6
702,Kare,Stebbins,kstebbinsjh@purevolume.com,Female,136.65.145.138
703,Emelina,Tilt,etiltji@twitpic.com,Female,240.216.144.83
704,Angel,Brickdale,abrickdalejj@cloudflare.com,Female,249.35.240.255
705,Clywd,Bleddon,cbleddonjk@prweb.com,Male,101.64.87.163
706,Pamela,Vassay,pvassayjl@google.ru,Female,83.63.126.172
707,Carmelia,Ferentz,cferentzjm@multiply.com,Female,161.106.123.191
708,Debee,Barthelmes,dbarthelmesjn@woothemes.com,Female,248.98.153.43
709,Normy,Tumbridge,ntumbridgejo@ning.com,Male,126.26.50.125
710,Ronni,Bambra,rbambrajp@altervista.org,Female,6.190.247.166
711,Madeleine,Brockett,mbrockettjq@mediafire.com,Female,109.74.215.196
712,Barby,Whittier,bwhittierjr@wired.com,Female,26.68.135.132
713,Brook,Ealden,bealdenjs@dailymail.co.uk,Male,108.200.253.7
714,Doralyn,Swainger,dswaingerjt@aboutads.info,Female,180.207.18.186
715,Nikita,Musso,nmussoju@salon.com,Male,168.62.110.255
716,Ethelind,Iacoviello,eiacoviellojv@360.cn,Female,214.112.146.96
717,Theadora,Dorking,tdorkingjw@e-recht24.de,Female,191.78.91.152
718,Alexis,Acheson,aachesonjx@kickstarter.com,Male,205.67.127.255
719,Terza,Cotgrove,tcotgrovejy@google.es,Female,167.231.124.12
720,Mair,Hovell,mhovelljz@myspace.com,Female,143.165.233.14
721,Boone,Kondrachenko,bkondrachenkok0@wufoo.com,Male,63.79.24.194
722,Nicolai,Willoughby,nwilloughbyk1@rediff.com,Male,154.143.181.74
723,Leigh,Pietruszka,lpietruszkak2@blog.com,Male,70.40.74.38
724,Sibilla,Lum,slumk3@homestead.com,Female,252.46.53.158
725,Katrine,Skoate,kskoatek4@craigslist.org,Female,154.61.107.113
726,Reinwald,McShirrie,rmcshirriek5@dot.gov,Male,214.82.59.150
727,Carlie,Porritt,cporrittk6@unblog.fr,Female,37.85.21.54
728,Noel,Niemetz,nniemetzk7@timesonline.co.uk,Male,99.250.201.20
729,Sauveur,McGirr,smcgirrk8@bandcamp.com,Male,165.111.18.254
730,Alberta,Pettiford,apettifordk9@princeton.edu,Female,144.236.136.24
731,Neron,St. Leger,nstlegerka@phoca.cz,Male,201.126.129.160
732,Gina,Gush,ggushkb@uiuc.edu,Female,238.138.17.191
733,Payton,French,pfrenchkc@hp.com,Male,71.11.39.94
734,Catie,Whylie,cwhyliekd@state.gov,Female,153.27.41.84
735,Audrie,Joyner,ajoynerke@virginia.edu,Female,203.135.243.173
736,Aili,Hentzeler,ahentzelerkf@gmpg.org,Female,107.215.24.32
737,Evered,Levicount,elevicountkg@printfriendly.com,Male,15.174.108.167
738,Ethan,Aizikovich,eaizikovichkh@oracle.com,Male,206.162.131.15
739,Benni,Staley,bstaleyki@epa.gov,Female,152.87.3.218
740,Clareta,Donnelly,cdonnellykj@alibaba.com,Female,249.68.47.229
741,Cameron,Heam,cheamkk@hibu.com,Male,174.250.6.57
742,Alvin,Gresty,agrestykl@discuz.net,Male,56.34.201.229
743,Dimitri,Aleksandrov,daleksandrovkm@newsvine.com,Male,38.246.9.144
744,Malorie,Storror,mstorrorkn@biglobe.ne.jp,Female,102.91.82.158
745,Gerri,Triebner,gtriebnerko@purevolume.com,Male,108.144.39.45
746,Rhoda,Pond-Jones,rpondjoneskp@example.com,Female,15.7.123.73
747,Allys,Gullam,agullamkq@hibu.com,Female,149.60.124.217
748,Veronika,Malthouse,vmalthousekr@salon.com,Female,144.226.72.19
749,Der,Ivins,divinsks@columbia.edu,Male,117.21.158.252
750,Tymothy,Licciardo,tlicciardokt@reuters.com,Male,103.130.47.72
751,Kalil,Barnewell,kbarnewellku@nymag.com,Male,235.210.213.45
752,Gustaf,Starte,gstartekv@cyberchimps.com,Male,228.6.193.115
753,Faulkner,Kas,fkaskw@gravatar.com,Male,216.225.150.132
754,Ronnica,Cawthery,rcawtherykx@patch.com,Female,218.232.25.91
755,Meade,Brauner,mbraunerky@indiatimes.com,Male,211.254.196.252
756,Rustin,Cicerone,rciceronekz@google.com.au,Male,151.191.171.107
757,Brandon,Chasle,bchaslel0@infoseek.co.jp,Male,211.72.10.159
758,Linus,Corsham,lcorshaml1@zdnet.com,Male,232.103.195.0
759,Christalle,Burrill,cburrilll2@toplist.cz,Female,10.79.4.55
760,Briggs,Spaven,bspavenl3@cbslocal.com,Male,148.210.94.67
761,Danella,Bing,dbingl4@technorati.com,Female,223.60.228.249
762,Prudi,Youhill,pyouhilll5@independent.co.uk,Female,45.131.245.124
763,Meriel,Chetwynd,mchetwyndl6@abc.net.au,Female,78.199.195.81
764,Mirelle,Bruhnicke,mbruhnickel7@jigsy.com,Female,63.229.17.216
765,Meta,O'Kielt,mokieltl8@usda.gov,Female,254.240.23.29
766,Ryan,Jaggli,rjagglil9@tinypic.com,Male,125.26.22.102
767,Inness,Heatley,iheatleyla@elegantthemes.com,Male,96.101.154.192
768,Biron,Heinsius,bheinsiuslb@tuttocitta.it,Male,108.53.232.212
769,Zollie,Burrel,zburrellc@soundcloud.com,Male,146.3.191.248
770,Peggy,Nys,pnysld@answers.com,Female,15.217.110.237
771,Martynne,Balasini,mbalasinile@mozilla.org,Female,228.184.37.1
772,Appolonia,Regus,areguslf@tripod.com,Female,252.51.248.3
773,Constancy,Seawell,cseawelllg@skyrock.com,Female,162.217.74.249
774,Isabelita,Eastmond,ieastmondlh@whitehouse.gov,Female,22.59.187.37
775,Joleen,O'Kane,jokaneli@indiatimes.com,Female,198.146.40.125
776,Tomaso,Winkle,twinklelj@illinois.edu,Male,130.177.200.190
777,Abbot,Mart,amartlk@wordpress.org,Male,102.244.207.181
778,Dyana,Hughf,dhughfll@thetimes.co.uk,Female,12.213.2.111
779,Dulcea,Baack,dbaacklm@goodreads.com,Female,169.100.186.162
780,Carole,Aiton,caitonln@domainmarket.com,Female,208.76.180.86
781,Locke,Ondrak,londraklo@dailymail.co.uk,Male,65.201.204.26
782,Daisi,Sargent,dsargentlp@techcrunch.com,Female,26.120.201.134
783,Damian,Gores,dgoreslq@elpais.com,Male,197.119.126.201
784,Ardeen,Course,acourselr@homestead.com,Female,144.54.93.64
785,Nickolai,Prinett,nprinettls@businessinsider.com,Male,18.253.175.116
786,Claire,Coffin,ccoffinlt@livejournal.com,Female,226.51.204.122
787,Terrie,Baurerich,tbaurerichlu@answers.com,Female,4.92.250.226
788,Reggy,Liddle,rliddlelv@ifeng.com,Male,106.245.215.126
789,Karlik,Sallans,ksallanslw@webeden.co.uk,Male,223.1.14.92
790,Ilario,Wearne,iwearnelx@smh.com.au,Male,238.49.7.160
791,Ansel,Robson,arobsonly@mashable.com,Male,218.179.112.181
792,Rolando,Klulicek,rkluliceklz@odnoklassniki.ru,Male,103.9.78.52
793,Duke,Ellson,dellsonm0@imgur.com,Male,30.170.139.215
794,Bondy,Byrkmyr,bbyrkmyrm1@acquirethisname.com,Male,3.178.80.38
795,Ronny,Penman,rpenmanm2@bizjournals.com,Male,69.151.210.46
796,Kelsi,Benaine,kbenainem3@whitehouse.gov,Female,137.70.52.3
797,Darb,Causby,dcausbym4@patch.com,Male,118.23.126.91
798,Delbert,Dunstone,ddunstonem5@printfriendly.com,Male,85.255.28.33
799,Lenore,Coupman,lcoupmanm6@tumblr.com,Female,225.23.193.234
800,Glen,Greenall,ggreenallm7@github.io,Female,105.210.154.144
801,Quintana,Jannings,qjanningsm8@addthis.com,Female,196.232.211.52
802,Trip,Scowen,tscowenm9@indiatimes.com,Male,122.95.211.102
803,Skipp,Pridden,spriddenma@squidoo.com,Male,73.123.39.167
804,Sharity,Monger,smongermb@narod.ru,Female,236.228.88.32
805,Titos,Deny,tdenymc@paypal.com,Male,190.210.24.167
806,Steffi,O'Hollegan,soholleganmd@hc360.com,Female,194.106.8.134
807,Vincents,Gandar,vgandarme@tinyurl.com,Male,153.249.160.118
808,Elana,Callender,ecallendermf@kickstarter.com,Female,156.35.80.44
809,Alan,Bonass,abonassmg@youtube.com,Male,111.107.11.15
810,Jemimah,Titchener,jtitchenermh@myspace.com,Female,200.33.86.248
811,Kayne,Mochar,kmocharmi@dailymotion.com,Male,196.35.26.41
812,Merrill,Hodgon,mhodgonmj@goo.ne.jp,Male,6.134.106.91
813,Shalom,Drennan,sdrennanmk@yahoo.co.jp,Male,254.120.80.189
814,Siobhan,MacCheyne,smaccheyneml@tinypic.com,Female,49.27.250.123
815,Ruprecht,Bartleet,rbartleetmm@ucoz.ru,Male,161.73.125.250
816,Lilas,Squier,lsquiermn@psu.edu,Female,205.156.8.177
817,Zane,Laister,zlaistermo@google.es,Male,237.87.21.11
818,Spike,Heinschke,sheinschkemp@tumblr.com,Male,105.244.141.14
819,Johnette,Frensch,jfrenschmq@china.com.cn,Female,20.248.217.136
820,Kimble,Sapsed,ksapsedmr@yolasite.com,Male,238.219.212.51
821,Douglass,MacCafferky,dmaccafferkyms@google.it,Male,184.82.13.192
822,Amelita,Blight,ablightmt@unc.edu,Female,56.6.210.221
823,Ninon,Haill,nhaillmu@domainmarket.com,Female,8.218.252.131
824,Morgun,Lorain,mlorainmv@deviantart.com,Male,127.111.136.229
825,Norrie,Godfery,ngodferymw@netscape.com,Female,60.127.218.44
826,Alastair,Goldstraw,agoldstrawmx@buzzfeed.com,Male,109.19.33.15
827,Urbano,Sinnat,usinnatmy@cmu.edu,Male,150.12.0.173
828,Jacky,Doohan,jdoohanmz@apache.org,Female,103.213.187.7
829,Hamnet,Berge,hbergen0@loc.gov,Male,42.188.56.22
830,Etty,Gerrietz,egerrietzn1@is.gd,Female,221.201.9.81
831,Caryl,Bardnam,cbardnamn2@ebay.co.uk,Female,143.85.254.42
832,Carlin,Lade,claden3@prnewswire.com,Male,215.187.83.21
833,Zared,Tuckey,ztuckeyn4@ibm.com,Male,107.34.20.241
834,Janessa,Grellis,jgrellisn5@va.gov,Female,203.136.98.153
835,Karie,Pretsel,kpretseln6@squidoo.com,Female,122.227.92.253
836,Bryna,Orrick,borrickn7@redcross.org,Female,124.254.226.164
837,Rhonda,Cashen,rcashenn8@sun.com,Female,203.228.228.251
838,Randee,Hasslocher,rhasslochern9@ft.com,Female,166.68.20.126
839,Elisha,Tumioto,etumiotona@ebay.com,Female,10.125.54.114
840,Wandie,Imesson,wimessonnb@paginegialle.it,Female,248.14.95.2
841,Emmanuel,Buzin,ebuzinnc@amazon.co.jp,Male,181.239.222.52
842,Caspar,Turfs,cturfsnd@sogou.com,Male,235.244.158.70
843,Beverly,McCurtain,bmccurtainne@reference.com,Female,211.56.187.220
844,Broderic,Rowney,browneynf@biblegateway.com,Male,23.217.130.2
845,Noble,Hugland,nhuglandng@blinklist.com,Male,209.41.141.170
846,Dun,Hubbuck,dhubbucknh@addtoany.com,Male,35.202.63.227
847,Pattin,Wareham,pwarehamni@domainmarket.com,Male,187.38.221.184
848,Sheelah,Doniso,sdonisonj@adobe.com,Female,99.198.254.120
849,Calida,Dimitru,cdimitrunk@ucoz.com,Female,105.231.221.70
850,Eward,Pfeffel,epfeffelnl@wikia.com,Male,152.227.41.74
851,Kris,Simmill,ksimmillnm@hexun.com,Male,215.90.120.129
852,Farley,Hubbis,fhubbisnn@youtube.com,Male,76.246.125.199
853,Beau,Seleway,bselewayno@google.it,Male,88.76.172.170
854,Cynthia,Bahls,cbahlsnp@google.ru,Female,123.242.1.247
855,Stanislaus,Leyman,sleymannq@photobucket.com,Male,22.130.118.133
856,Gusella,Antonomoli,gantonomolinr@webnode.com,Female,162.161.204.231
857,Bonnee,Collumbine,bcollumbinens@umich.edu,Female,216.210.77.223
858,Carie,McFall,cmcfallnt@house.gov,Female,245.173.121.237
859,Goddart,Calender,gcalendernu@printfriendly.com,Male,91.99.152.197
860,Natka,Swalwell,nswalwellnv@deliciousdays.com,Female,24.248.82.201
861,Traci,Abbatini,tabbatininw@cisco.com,Female,220.133.245.121
862,Yolande,Winterflood,ywinterfloodnx@feedburner.com,Female,253.5.69.83
863,Tresa,Opdenort,topdenortny@arizona.edu,Female,238.177.157.203
864,Carlo,Goncalo,cgoncalonz@omniture.com,Male,74.34.217.32
865,Bibby,Halewood,bhalewoodo0@apache.org,Female,230.164.102.172
866,Sherlock,Sibly,ssiblyo1@51.la,Male,216.61.160.42
867,Adela,Suckling,asucklingo2@privacy.gov.au,Female,118.74.158.62
868,Tanhya,Clearie,tclearieo3@comsenz.com,Female,101.155.58.158
869,Anders,Antley,aantleyo4@ovh.net,Male,22.99.208.195
870,Dietrich,Barlee,dbarleeo5@ucla.edu,Male,247.49.246.74
871,Aurthur,Whitington,awhitingtono6@ucsd.edu,Male,208.54.251.114
872,Kissee,Doxsey,kdoxseyo7@harvard.edu,Female,4.232.108.139
873,Damita,Raynor,draynoro8@de.vu,Female,174.86.245.203
874,Massimiliano,Marte,mmarteo9@cornell.edu,Male,193.219.27.83
875,Amye,Cowcha,acowchaoa@51.la,Female,29.249.61.103
876,Beniamino,Yurchishin,byurchishinob@wiley.com,Male,58.186.164.69
877,Arlinda,Belfield,abelfieldoc@sbwire.com,Female,122.184.235.27
878,Chane,Hallihane,challihaneod@live.com,Male,31.15.219.38
879,Dick,Pearman,dpearmanoe@foxnews.com,Male,189.169.20.17
880,Raul,Strudwick,rstrudwickof@topsy.com,Male,21.204.103.81
881,Vito,Montilla,vmontillaog@disqus.com,Male,229.190.150.115
882,Edeline,Beckinsale,ebeckinsaleoh@t.co,Female,74.186.54.26
883,Christy,Halpen,chalpenoi@reuters.com,Male,15.240.63.181
884,Diandra,Ruckert,druckertoj@squidoo.com,Female,162.69.135.157
885,Tracey,Le Marchand,tlemarchandok@example.com,Male,94.253.32.93
886,Georas,Dotterill,gdotterillol@huffingtonpost.com,Male,14.160.191.126
887,Homerus,Lorraway,hlorrawayom@devhub.com,Male,31.50.41.112
888,Ashley,Leiden,aleidenon@google.pl,Female,39.109.182.129
889,Dierdre,MacElroy,dmacelroyoo@kickstarter.com,Female,215.114.94.227
890,Luz,Binford,lbinfordop@spotify.com,Female,73.147.148.125
891,Claudian,Pearsey,cpearseyoq@senate.gov,Male,64.236.89.76
892,Jorgan,Kneale,jknealeor@ovh.net,Male,196.132.160.191
893,Carlyn,Youdell,cyoudellos@e-recht24.de,Female,79.204.247.245
894,Esra,Grcic,egrcicot@dmoz.org,Male,122.208.105.10
895,Charlene,Rollinson,crollinsonou@mac.com,Female,235.120.49.146
896,Scarface,Setchell,ssetchellov@about.com,Male,141.5.70.183
897,Ches,Ferrara,cferraraow@squidoo.com,Male,238.214.223.60
898,Mylo,Brownsea,mbrownseaox@umich.edu,Male,3.128.173.13
899,Marybelle,Gilluley,mgilluleyoy@globo.com,Female,204.62.229.231
900,Gayla,Berryman,gberrymanoz@theatlantic.com,Female,42.235.72.254
901,Roi,Mateu,rmateup0@1und1.de,Male,109.225.116.137
902,Ruby,Forst,rforstp1@vkontakte.ru,Male,215.161.201.71
903,Percival,Erswell,perswellp2@guardian.co.uk,Male,40.90.255.209
904,Shamus,Scouller,sscoullerp3@theatlantic.com,Male,120.47.166.175
905,Vivien,Colaco,vcolacop4@ucoz.ru,Female,213.38.87.182
906,Ernie,Mordie,emordiep5@nih.gov,Male,241.167.158.1
907,Aharon,Flook,aflookp6@netlog.com,Male,192.147.225.179
908,Tod,McKew,tmckewp7@fastcompany.com,Male,141.29.222.228
909,Terrance,Morcom,tmorcomp8@army.mil,Male,203.247.139.115
910,Ingaberg,Skewes,iskewesp9@sciencedaily.com,Female,78.108.163.35
911,Nathanial,Alibone,nalibonepa@whitehouse.gov,Male,243.92.175.57
912,Barbabra,Clell,bclellpb@nhs.uk,Female,39.123.53.37
913,Durand,Kitchinham,dkitchinhampc@edublogs.org,Male,45.193.150.130
914,Elwin,Durnan,edurnanpd@upenn.edu,Male,137.202.71.241
915,Thebault,Chopy,tchopype@storify.com,Male,218.214.108.62
916,Pierce,Ellingham,pellinghampf@amazonaws.com,Male,101.36.252.208
917,Myles,Maskew,mmaskewpg@narod.ru,Male,77.8.52.152
918,Sandy,Thayre,sthayreph@wp.com,Female,249.9.10.135
919,Dorisa,Lindegard,dlindegardpi@economist.com,Female,29.84.241.198
920,Mimi,Danilovic,mdanilovicpj@indiegogo.com,Female,69.201.22.27
921,Farica,Doorey,fdooreypk@nytimes.com,Female,210.5.195.195
922,Freeland,Kime,fkimepl@craigslist.org,Male,232.21.17.220
923,Lambert,Balston,lbalstonpm@is.gd,Male,244.151.17.205
924,Dore,Nutkin,dnutkinpn@posterous.com,Male,151.4.76.153
925,Mathew,Leipold,mleipoldpo@chicagotribune.com,Male,215.209.128.14
926,Kean,Dami,kdamipp@un.org,Male,119.165.9.38
927,Enrichetta,Bennion,ebennionpq@bbb.org,Female,76.37.92.84
928,Ainslie,Seth,asethpr@example.com,Female,252.190.211.71
929,North,Mahody,nmahodyps@upenn.edu,Male,211.97.76.213
930,Hettie,Naughton,hnaughtonpt@google.com,Female,192.56.48.28
931,Cordell,McGhie,cmcghiepu@deviantart.com,Male,45.168.32.240
932,Kalli,Larmouth,klarmouthpv@redcross.org,Female,253.100.104.231
933,Shayna,Antat,santatpw@a8.net,Female,127.38.145.88
934,Isidoro,McCaghan,imccaghanpx@yellowpages.com,Male,144.190.33.237
935,Ellis,Boxhill,eboxhillpy@artisteer.com,Male,158.64.152.248
936,Ammamaria,Inworth,ainworthpz@phpbb.com,Female,114.215.105.105
937,Marsh,Ruthen,mruthenq0@irs.gov,Male,123.113.85.10
938,Austin,MacMenamy,amacmenamyq1@shutterfly.com,Male,52.160.173.132
939,Renato,Airlie,rairlieq2@usa.gov,Male,82.199.254.216
940,Martelle,Blankau,mblankauq3@cdc.gov,Female,114.149.32.207
941,Stanleigh,Harcase,sharcaseq4@ask.com,Male,54.110.243.150
942,Talyah,Francey,tfranceyq5@addthis.com,Female,20.223.83.50
943,Myrtle,Tanner,mtannerq6@discuz.net,Female,27.181.144.94
944,Ben,Dundon,bdundonq7@thetimes.co.uk,Male,178.151.196.96
945,Clareta,Baddoe,cbaddoeq8@desdev.cn,Female,245.212.82.138
946,Rozanna,Roelvink,rroelvinkq9@icio.us,Female,200.20.77.159
947,Toby,Spalding,tspaldingqa@dyndns.org,Male,13.193.236.56
948,Shaw,Szymanek,sszymanekqb@mozilla.com,Male,208.178.59.116
949,Flor,Sargison,fsargisonqc@businesswire.com,Female,135.186.92.97
950,Fax,Lautie,flautieqd@cdbaby.com,Male,59.167.103.43
951,Gustave,Holleworth,gholleworthqe@state.tx.us,Male,125.140.116.35
952,Rodie,Crawley,rcrawleyqf@biblegateway.com,Female,183.33.141.194
953,Ronny,Vowells,rvowellsqg@issuu.com,Female,222.7.158.159
954,Kevan,Fennell,kfennellqh@jalbum.net,Male,203.253.251.188
955,Tuck,Lawler,tlawlerqi@chronoengine.com,Male,167.60.23.239
956,Auberta,Meuse,ameuseqj@1688.com,Female,57.160.155.128
957,Franciskus,Vasyutin,fvasyutinqk@tinyurl.com,Male,247.207.160.174
958,Gardiner,Cantrell,gcantrellql@theguardian.com,Male,1.206.197.140
959,Rafael,Toderini,rtoderiniqm@amazon.de,Male,100.0.160.150
960,Connor,Zarb,czarbqn@live.com,Male,159.53.216.78
961,Colene,Denniss,cdennissqo@nsw.gov.au,Female,156.211.225.225
962,Gerrie,Krikorian,gkrikorianqp@home.pl,Male,248.137.76.218
963,Lev,Napolitano,lnapolitanoqq@ted.com,Male,1.88.110.175
964,Charis,Kubicek,ckubicekqr@answers.com,Female,85.28.110.32
965,Ethelyn,Evangelinos,eevangelinosqs@wunderground.com,Female,94.73.16.222
966,Ashia,Braybrooks,abraybrooksqt@taobao.com,Female,128.16.155.252
967,Ree,Arsmith,rarsmithqu@mapy.cz,Female,9.88.68.26
968,Ferdinand,Josefson,fjosefsonqv@wp.com,Male,39.51.120.186
969,Ninnette,Coveney,ncoveneyqw@mapquest.com,Female,232.219.36.41
970,Benetta,Mereweather,bmereweatherqx@wired.com,Female,187.95.187.115
971,Lorri,Tunnah,ltunnahqy@qq.com,Female,147.199.225.250
972,Briggs,Gladdor,bgladdorqz@etsy.com,Male,190.222.104.206
973,Shelia,Toulson,stoulsonr0@theguardian.com,Female,115.248.225.67
974,Carlene,Halvorsen,chalvorsenr1@dagondesign.com,Female,115.205.81.53
975,Raleigh,Gerckens,rgerckensr2@chronoengine.com,Male,79.252.63.204
976,Querida,Curling,qcurlingr3@google.it,Female,113.24.54.101
977,Randi,Mozzini,rmozzinir4@jalbum.net,Male,162.223.50.218
978,Norine,Franceschielli,nfranceschiellir5@acquirethisname.com,Female,191.141.92.78
979,Gorden,Huguenet,ghuguenetr6@columbia.edu,Male,79.95.239.137
980,Orazio,Wolvey,owolveyr7@scribd.com,Male,164.136.8.43
981,Adella,Vidler,avidlerr8@mac.com,Female,1.176.214.199
982,Pierson,Baudoux,pbaudouxr9@istockphoto.com,Male,160.97.206.28
983,Reginald,Harce,rharcera@nhs.uk,Male,145.90.177.52
984,Danna,Rosel,droselrb@godaddy.com,Female,150.140.98.145
985,Calla,Alen,calenrc@flavors.me,Female,104.169.118.144
986,Gerek,Kidde,gkidderd@squidoo.com,Male,148.97.110.5
987,Wernher,Philpotts,wphilpottsre@ftc.gov,Male,90.1.148.25
988,Mylo,Onion,monionrf@geocities.jp,Male,91.79.41.254
989,Marion,Mattinson,mmattinsonrg@businessweek.com,Female,67.60.15.11
990,Roosevelt,Gimenez,rgimenezrh@printfriendly.com,Male,255.77.24.27
991,Herb,Duthie,hduthieri@newyorker.com,Male,69.57.87.98
992,Niki,Forsbey,nforsbeyrj@nymag.com,Female,19.123.21.151
993,Janeczka,Capstick,jcapstickrk@ucoz.ru,Female,248.81.161.233
994,Sutton,Pontefract,spontefractrl@reddit.com,Male,173.252.210.201
995,Waylon,Dyte,wdyterm@drupal.org,Male,69.126.27.124
996,Fernando,Pepperill,fpepperillrn@ow.ly,Male,83.251.80.252
997,Grantham,Wyndham,gwyndhamro@xing.com,Male,111.184.37.67
998,Lorrin,Cordobes,lcordobesrp@adobe.com,Female,84.177.70.107
999,Renate,Hardwell,rhardwellrq@tamu.edu,Female,89.45.196.229
1000,Krysta,Vonasek,kvonasekrr@51.la,Female,20.189.253.98
